{
  "forward": {
    "time(s)": 0.009201510126392047,
    "FLOPS(TFLOPs/s)": 1.8670706164550297
  },
  "backward": {
    "time(s)": 0.014763748832046985,
    "FLOPS(TFLOPs/s)": 2.9091305635578912
  },
  "forward_backward": {
    "time(s)": 0.023965258958439033,
    "FLOPS(TFLOPs/s)": 2.509029518449089
  },
  "peak_memory_usage(MB)": 2352.25
}