{
  "forward": {
    "time(s)": 0.0031231008314838013,
    "FLOPS(TFLOPs/s)": 11.001802446344813
  },
  "backward": {
    "time(s)": 0.003334193133438627,
    "FLOPS(TFLOPs/s)": 25.76315842610176
  },
  "forward_backward": {
    "time(s)": 0.006457293964922428,
    "FLOPS(TFLOPs/s)": 18.62375864274977
  },
  "peak_memory_usage(MB)": 324.00048828125
}