{
  "forward": {
    "time(s)": 0.004856517538428307,
    "FLOPS(TFLOPs/s)": 14.149949257310698
  },
  "backward": {
    "time(s)": 0.010357948299497367,
    "FLOPS(TFLOPs/s)": 16.58617004762775
  },
  "forward_backward": {
    "time(s)": 0.015214465837925673,
    "FLOPS(TFLOPs/s)": 15.808518756961632
  },
  "peak_memory_usage(MB)": 1616.25
}