{
  "forward": {
    "time(s)": 0.023187128237138192,
    "FLOPS(TFLOPs/s)": 5.927381436217176
  },
  "backward": {
    "time(s)": 0.03594215453291933,
    "FLOPS(TFLOPs/s)": 9.559732524250878
  },
  "forward_backward": {
    "time(s)": 0.05912928277005752,
    "FLOPS(TFLOPs/s)": 8.135331846027261
  },
  "peak_memory_usage(MB)": 5264.25
}