{
  "forward": {
    "time(s)": 0.0024570414641251165,
    "FLOPS(TFLOPs/s)": 13.984191504165167
  },
  "backward": {
    "time(s)": 0.005101967261483272,
    "FLOPS(TFLOPs/s)": 16.836514528128678
  },
  "forward_backward": {
    "time(s)": 0.007559008725608388,
    "FLOPS(TFLOPs/s)": 15.909372333515982
  },
  "peak_memory_usage(MB)": 816.25
}