{
  "forward": {
    "time(s)": 0.007873364755262931,
    "FLOPS(TFLOPs/s)": 17.456190300357832
  },
  "backward": {
    "time(s)": 0.017249909260620675,
    "FLOPS(TFLOPs/s)": 19.918793686897164
  },
  "forward_backward": {
    "time(s)": 0.025123274015883608,
    "FLOPS(TFLOPs/s)": 19.14704018464615
  },
  "peak_memory_usage(MB)": 2640.25
}