{
  "forward": {
    "time(s)": 0.0030368154247601828,
    "FLOPS(TFLOPs/s)": 22.628795999818387
  },
  "backward": {
    "time(s)": 0.005430720063547293,
    "FLOPS(TFLOPs/s)": 31.634606429664277
  },
  "forward_backward": {
    "time(s)": 0.008467535488307476,
    "FLOPS(TFLOPs/s)": 28.40474290401536
  },
  "peak_memory_usage(MB)": 322.00048828125
}