{
  "forward": {
    "time(s)": 0.012096914167826375,
    "FLOPS(TFLOPs/s)": 5.680744343774062
  },
  "backward": {
    "time(s)": 0.02793576520246764,
    "FLOPS(TFLOPs/s)": 6.1497757657565275
  },
  "forward_backward": {
    "time(s)": 0.04003267937029402,
    "FLOPS(TFLOPs/s)": 6.00804573561656
  },
  "peak_memory_usage(MB)": 4400.25
}