{
  "forward": {
    "time(s)": 0.007213935628533364,
    "FLOPS(TFLOPs/s)": 38.10373714131468
  },
  "backward": {
    "time(s)": 0.01943611285338799,
    "FLOPS(TFLOPs/s)": 35.35659483682264
  },
  "forward_backward": {
    "time(s)": 0.026650048481921353,
    "FLOPS(TFLOPs/s)": 36.100222292527654
  },
  "peak_memory_usage(MB)": 1284.00048828125
}