{
  "forward": {
    "time(s)": 0.010145432486509284,
    "FLOPS(TFLOPs/s)": 3.386719926793587
  },
  "backward": {
    "time(s)": 0.016529984632506968,
    "FLOPS(TFLOPs/s)": 5.196577482054946
  },
  "forward_backward": {
    "time(s)": 0.02667541711901625,
    "FLOPS(TFLOPs/s)": 4.50823631928403
  },
  "peak_memory_usage(MB)": 2640.25
}