{
  "forward": {
    "time(s)": 0.00048487959429621696,
    "FLOPS(TFLOPs/s)": 35.43120681111748
  },
  "backward": {
    "time(s)": 0.0015887366297344366,
    "FLOPS(TFLOPs/s)": 27.03385328704809
  },
  "forward_backward": {
    "time(s)": 0.0020736162240306538,
    "FLOPS(TFLOPs/s)": 28.9974304054785
  },
  "peak_memory_usage(MB)": 161.00048828125
}