{
  "forward": {
    "time(s)": 0.0037542094321300584,
    "FLOPS(TFLOPs/s)": 9.152323275823484
  },
  "backward": {
    "time(s)": 0.008242535932610432,
    "FLOPS(TFLOPs/s)": 10.42147060350096
  },
  "forward_backward": {
    "time(s)": 0.011996745364740491,
    "FLOPS(TFLOPs/s)": 10.024309146500036
  },
  "peak_memory_usage(MB)": 1328.25
}