{
  "forward": {
    "time(s)": 0.006857456266880035,
    "FLOPS(TFLOPs/s)": 40.08452934240327
  },
  "backward": {
    "time(s)": 0.019462195876985788,
    "FLOPS(TFLOPs/s)": 35.309210312317
  },
  "forward_backward": {
    "time(s)": 0.02631965214386582,
    "FLOPS(TFLOPs/s)": 36.553396262428386
  },
  "peak_memory_usage(MB)": 1288.00048828125
}