{
  "forward": {
    "time(s)": 0.006293525531267126,
    "FLOPS(TFLOPs/s)": 10.919074911922086
  },
  "backward": {
    "time(s)": 0.006572727331270774,
    "FLOPS(TFLOPs/s)": 26.138113325139926
  },
  "forward_backward": {
    "time(s)": 0.0128662528625379,
    "FLOPS(TFLOPs/s)": 18.693723117808926
  },
  "peak_memory_usage(MB)": 648.00048828125
}