{
  "forward": {
    "time(s)": 0.011693562629322212,
    "FLOPS(TFLOPs/s)": 5.876692921940005
  },
  "backward": {
    "time(s)": 0.017209231263647477,
    "FLOPS(TFLOPs/s)": 9.98293818056272
  },
  "forward_backward": {
    "time(s)": 0.028902793892969687,
    "FLOPS(TFLOPs/s)": 8.32162348964138
  },
  "peak_memory_usage(MB)": 2640.25
}