{
  "forward": {
    "time(s)": 0.00375407460766534,
    "FLOPS(TFLOPs/s)": 9.152651973895727
  },
  "backward": {
    "time(s)": 0.0083471420686692,
    "FLOPS(TFLOPs/s)": 10.290869043959507
  },
  "forward_backward": {
    "time(s)": 0.01210121667633454,
    "FLOPS(TFLOPs/s)": 9.937768036430738
  },
  "peak_memory_usage(MB)": 1328.25
}