{
  "forward": {
    "time(s)": 0.0032987892627716064,
    "FLOPS(TFLOPs/s)": 5.20793170327154
  },
  "backward": {
    "time(s)": 0.007417999968553583,
    "FLOPS(TFLOPs/s)": 5.7899262795999515
  },
  "forward_backward": {
    "time(s)": 0.010716789231325189,
    "FLOPS(TFLOPs/s)": 5.6107795764277295
  },
  "peak_memory_usage(MB)": 1184.25
}