{
  "forward": {
    "time(s)": 0.010315104403222601,
    "FLOPS(TFLOPs/s)": 3.33101217640274
  },
  "backward": {
    "time(s)": 0.0147891109654059,
    "FLOPS(TFLOPs/s)": 5.808283278212756
  },
  "forward_backward": {
    "time(s)": 0.025104215368628502,
    "FLOPS(TFLOPs/s)": 4.79039406418899
  },
  "peak_memory_usage(MB)": 2352.25
}