{
  "forward": {
    "time(s)": 0.003644064674153924,
    "FLOPS(TFLOPs/s)": 37.71583815369865
  },
  "backward": {
    "time(s)": 0.009688200398037831,
    "FLOPS(TFLOPs/s)": 35.46555289562233
  },
  "forward_backward": {
    "time(s)": 0.013332265072191755,
    "FLOPS(TFLOPs/s)": 36.08061605040681
  },
  "peak_memory_usage(MB)": 642.00048828125
}