{
  "forward": {
    "time(s)": 0.015525885329892238,
    "FLOPS(TFLOPs/s)": 17.704491634674973
  },
  "backward": {
    "time(s)": 0.035780344872425,
    "FLOPS(TFLOPs/s)": 19.2059291158371
  },
  "forward_backward": {
    "time(s)": 0.05130623020231724,
    "FLOPS(TFLOPs/s)": 18.75157598814477
  },
  "peak_memory_usage(MB)": 5264.25
}