{
  "forward": {
    "time(s)": 0.02050404044178625,
    "FLOPS(TFLOPs/s)": 3.3515090321394903
  },
  "backward": {
    "time(s)": 0.02963088403145472,
    "FLOPS(TFLOPs/s)": 5.797960386791929
  },
  "forward_backward": {
    "time(s)": 0.05013492447324097,
    "FLOPS(TFLOPs/s)": 4.797417590693175
  },
  "peak_memory_usage(MB)": 4688.25
}