{
  "forward": {
    "time(s)": 0.012752674178530772,
    "FLOPS(TFLOPs/s)": 10.777265344344762
  },
  "backward": {
    "time(s)": 0.02983531743908922,
    "FLOPS(TFLOPs/s)": 11.516464819973068
  },
  "forward_backward": {
    "time(s)": 0.04258799161761999,
    "FLOPS(TFLOPs/s)": 11.295116742555669
  },
  "peak_memory_usage(MB)": 4688.25
}