{
  "forward": {
    "time(s)": 0.003108482497433821,
    "FLOPS(TFLOPs/s)": 11.053540882525594
  },
  "backward": {
    "time(s)": 0.005017426268508037,
    "FLOPS(TFLOPs/s)": 17.120200940300556
  },
  "forward_backward": {
    "time(s)": 0.008125908765941858,
    "FLOPS(TFLOPs/s)": 14.799462774187448
  },
  "peak_memory_usage(MB)": 648.00048828125
}