{
  "forward": {
    "time(s)": 0.0031347703964759908,
    "FLOPS(TFLOPs/s)": 10.960846895398186
  },
  "backward": {
    "time(s)": 0.004281053536882003,
    "FLOPS(TFLOPs/s)": 20.065001565610554
  },
  "forward_backward": {
    "time(s)": 0.0074158239333579935,
    "FLOPS(TFLOPs/s)": 16.216550631285674
  },
  "peak_memory_usage(MB)": 644.00048828125
}