{
  "forward": {
    "time(s)": 0.0011418992032607397,
    "FLOPS(TFLOPs/s)": 30.089992417793418
  },
  "backward": {
    "time(s)": 0.003703039900089304,
    "FLOPS(TFLOPs/s)": 23.196980923140586
  },
  "forward_backward": {
    "time(s)": 0.004844939103350043,
    "FLOPS(TFLOPs/s)": 24.821588408582183
  },
  "peak_memory_usage(MB)": 324.00048828125
}