{
  "forward": {
    "time(s)": 0.006436605813602606,
    "FLOPS(TFLOPs/s)": 10.676353147302228
  },
  "backward": {
    "time(s)": 0.014803517361481984,
    "FLOPS(TFLOPs/s)": 11.605261617553923
  },
  "forward_backward": {
    "time(s)": 0.02124012317508459,
    "FLOPS(TFLOPs/s)": 11.323765243420823
  },
  "peak_memory_usage(MB)": 2352.25
}