{
  "forward": {
    "time(s)": 0.008551034238189459,
    "FLOPS(TFLOPs/s)": 32.14557435828966
  },
  "backward": {
    "time(s)": 0.024202679454659422,
    "FLOPS(TFLOPs/s)": 28.393334244143098
  },
  "forward_backward": {
    "time(s)": 0.03275371369284888,
    "FLOPS(TFLOPs/s)": 29.37293411446194
  },
  "peak_memory_usage(MB)": 2576.00048828125
}