{
  "forward": {
    "time(s)": 0.007239429606124758,
    "FLOPS(TFLOPs/s)": 37.969553113886995
  },
  "backward": {
    "time(s)": 0.019310620799660682,
    "FLOPS(TFLOPs/s)": 35.58636330179893
  },
  "forward_backward": {
    "time(s)": 0.02655005040578544,
    "FLOPS(TFLOPs/s)": 36.23619012393128
  },
  "peak_memory_usage(MB)": 1288.00048828125
}