{
  "forward": {
    "time(s)": 0.0072923799355824786,
    "FLOPS(TFLOPs/s)": 37.69385432083142
  },
  "backward": {
    "time(s)": 0.020552870351821184,
    "FLOPS(TFLOPs/s)": 33.43546451647362
  },
  "forward_backward": {
    "time(s)": 0.027845250287403662,
    "FLOPS(TFLOPs/s)": 34.550692285901704
  },
  "peak_memory_usage(MB)": 1296.00048828125
}