{
  "forward": {
    "time(s)": 0.009605789339790742,
    "FLOPS(TFLOPs/s)": 14.307929167536171
  },
  "backward": {
    "time(s)": 0.02145224673052629,
    "FLOPS(TFLOPs/s)": 16.016848398031197
  },
  "forward_backward": {
    "time(s)": 0.031058036070317034,
    "FLOPS(TFLOPs/s)": 15.48830505776052
  },
  "peak_memory_usage(MB)": 3216.25
}