{
  "forward": {
    "time(s)": 0.003075013232106964,
    "FLOPS(TFLOPs/s)": 22.34770114758635
  },
  "backward": {
    "time(s)": 0.006343696778640151,
    "FLOPS(TFLOPs/s)": 27.081794391318173
  },
  "forward_backward": {
    "time(s)": 0.009418710010747115,
    "FLOPS(TFLOPs/s)": 25.536211254148327
  },
  "peak_memory_usage(MB)": 642.00048828125
}