{
  "forward": {
    "time(s)": 0.0036541654107471308,
    "FLOPS(TFLOPs/s)": 37.611585142747884
  },
  "backward": {
    "time(s)": 0.011140817202006777,
    "FLOPS(TFLOPs/s)": 30.84130880615368
  },
  "forward_backward": {
    "time(s)": 0.014794982612753908,
    "FLOPS(TFLOPs/s)": 32.5134776932638
  },
  "peak_memory_usage(MB)": 1288.00048828125
}