{
  "forward": {
    "time(s)": 0.0031166413333266973,
    "FLOPS(TFLOPs/s)": 11.024604596167785
  },
  "backward": {
    "time(s)": 0.004170629537353913,
    "FLOPS(TFLOPs/s)": 20.59625415075813
  },
  "forward_backward": {
    "time(s)": 0.007287270870680609,
    "FLOPS(TFLOPs/s)": 16.502623056300386
  },
  "peak_memory_usage(MB)": 642.00048828125
}