{
  "forward": {
    "time(s)": 0.00786600923165679,
    "FLOPS(TFLOPs/s)": 34.9450272493646
  },
  "backward": {
    "time(s)": 0.023500543336073557,
    "FLOPS(TFLOPs/s)": 29.241654438906078
  },
  "forward_backward": {
    "time(s)": 0.03136655256773035,
    "FLOPS(TFLOPs/s)": 30.671929030982273
  },
  "peak_memory_usage(MB)": 2568.00048828125
}