{
  "forward": {
    "time(s)": 0.0003530554473400116,
    "FLOPS(TFLOPs/s)": 24.330270660651852
  },
  "backward": {
    "time(s)": 0.0011397616937756539,
    "FLOPS(TFLOPs/s)": 18.841514500159207
  },
  "forward_backward": {
    "time(s)": 0.0014928171411156656,
    "FLOPS(TFLOPs/s)": 20.13962075055684
  },
  "peak_memory_usage(MB)": 161.00048828125
}