{
  "forward": {
    "time(s)": 0.000353748102982839,
    "FLOPS(TFLOPs/s)": 24.282630831285942
  },
  "backward": {
    "time(s)": 0.0012660769280046225,
    "FLOPS(TFLOPs/s)": 16.961715362624155
  },
  "forward_backward": {
    "time(s)": 0.0016198250309874614,
    "FLOPS(TFLOPs/s)": 18.56050529955832
  },
  "peak_memory_usage(MB)": 162.00048828125
}