{
  "forward": {
    "time(s)": 0.0030459307910253603,
    "FLOPS(TFLOPs/s)": 22.561076219616524
  },
  "backward": {
    "time(s)": 0.0064283866745730245,
    "FLOPS(TFLOPs/s)": 26.725009016575832
  },
  "forward_backward": {
    "time(s)": 0.009474317465598386,
    "FLOPS(TFLOPs/s)": 25.386331991653307
  },
  "peak_memory_usage(MB)": 644.00048828125
}