{
  "forward": {
    "time(s)": 0.01232457662311693,
    "FLOPS(TFLOPs/s)": 5.575808308668748
  },
  "backward": {
    "time(s)": 0.02152045490220189,
    "FLOPS(TFLOPs/s)": 7.983041837206805
  },
  "forward_backward": {
    "time(s)": 0.03384503152531882,
    "FLOPS(TFLOPs/s)": 7.1064542633406305
  },
  "peak_memory_usage(MB)": 3216.25
}